地區,姓名,號次,性別,出生年次,推薦政黨,得票數,得票率,當選註記,是否現任
臺北市第01選區,謝維洲,1,男,1983,民主進步黨,21687,7.09%,*,否
,賴素如,2,女,1964,無黨籍及未經政黨推薦,7226,2.36%, ,是
,孫士堅,3,男,1959,無黨籍及未經政黨推薦,1406,0.45%, ,否
,潘懷宗,4,男,1961,新黨,25188,8.23%,*,是
,林瑞圖,5,男,1956,無黨籍及未經政黨推薦,20065,6.56%,*,是
,周佳君,6,女,1967,人民民主陣線,1685,0.55%, ,否
,王奕凱,7,男,1985,無黨籍及未經政黨推薦,8551,2.79%, ,否
,王英文,8,男,1971,無黨籍及未經政黨推薦,517,0.16%, ,否
,陳重文,9,男,1977,中國國民黨,13299,4.35%,*,否
,黃平洋,10,男,1962,中國國民黨,11451,3.74%, ,是
,王小玉,11,女,1952,親民黨,2214,0.72%, ,否
,楊靜宇,12,男,1961,新黨,10538,3.44%, ,否
,汪志冰,13,女,1957,中國國民黨,18021,5.89%,*,是
,林世宗,14,男,1959,民主進步黨,12334,4.03%,*,是
,王威中,15,男,1983,民主進步黨,20649,6.75%,*,否
,吳思瑤,16,女,1974,民主進步黨,20302,6.64%,*,是
,陳建銘,17,男,1961,台灣團結聯盟,20952,6.85%,*,是
,何志偉,18,男,1982,民主進步黨,26283,8.59%,*,是
,陳政忠,19,男,1955,無黨籍及未經政黨推薦,16623,5.43%,*,是
,陳慈慧,20,女,1983,民主進步黨,22688,7.42%,*,否
,吳碧珠,21,女,1949,中國國民黨,24030,7.86%,*,是
臺北市第02選區,許明偉,1,男,1954,無黨籍及未經政黨推薦,497,0.22%, ,否
,陳義洲,2,男,1952,中國國民黨,17693,8.08%,*,是
,趙家蓉,3,女,1962,新黨,9910,4.52%, ,否
,黃子哲,4,男,1974,中國國民黨,9380,4.28%, ,否
,黃珊珊,5,女,1969,親民黨,28020,12.80%,*,是
,王孝維,6,男,1961,民主進步黨,17401,7.94%,*,是
,李彥秀,7,女,1971,中國國民黨,25057,11.44%,*,是
,陳嘉霖,8,男,1978,台灣團結聯盟,2466,1.12%, ,否
,余筱菁,9,女,1980,樹黨,3527,1.61%, ,否
,闕枚莎,10,女,1972,中國國民黨,19956,9.11%,*,是
,江志銘,11,男,1962,民主進步黨,14592,6.66%,*,是
,吳世正,12,男,1963,中國國民黨,18223,8.32%,*,是
,李建昌,13,男,1962,民主進步黨,18052,8.24%,*,是
,高嘉瑜,14,女,1980,民主進步黨,34117,15.58%,*,是
臺北市第03選區,陳永德,1,男,1965,中國國民黨,13825,5.74%,*,是
,秦慧珠,2,女,1955,中國國民黨,20632,8.57%,*,是
,楊世光,3,男,1976,新黨,11639,4.83%, ,否
,許家蓓,4,女,1977,民主進步黨,21444,8.91%,*,否
,王博玉,5,男,1968,無黨籍及未經政黨推薦,380,0.15%, ,否
,戴錫欽,6,男,1966,中國國民黨,13862,5.75%,*,是
,陳孋輝,7,女,1962,中國國民黨,14307,5.94%,*,是
,洪士奇,8,男,1962,親民黨,10679,4.43%, ,否
,潘翰疆,9,男,1967,樹黨,4387,1.82%, ,否
,許淑華,10,女,1973,民主進步黨,27332,11.35%,*,是
,李卓翰,11,男,1969,台灣團結聯盟,3484,1.44%, ,否
,王鴻薇,12,女,1964,中國國民黨,18472,7.67%,*,是
,洪健益,13,男,1970,民主進步黨,20319,8.44%,*,是
,楊實秋,14,男,1958,中國國民黨,9297,3.86%, ,是
,張茂楠,15,男,1960,民主進步黨,21329,8.86%,*,是
,徐世勲,16,男,1976,無黨籍及未經政黨推薦,19037,7.90%,*,否
,王正德,17,男,1956,中國國民黨,10247,4.25%, ,是
臺北市第04選區,陳炳甫,1,男,1971,中國國民黨,19808,10.02%,*,否
,鍾君竺,2,女,1977,人民民主陣線,1957,0.99%, ,否
,黃向羣,3,男,1970,民主進步黨,16248,8.21%,*,否
,林婕麗,4,女,1966,新黨,5856,2.96%, ,否
,梁文傑,5,男,1971,民主進步黨,26155,13.23%,*,是
,顏若芳,6,女,1985,民主進步黨,26079,13.19%,*,否
,葉林傳,7,男,1969,中國國民黨,21531,10.89%,*,是
,王世堅,8,男,1960,民主進步黨,25102,12.69%,*,是
,林國成,9,男,1957,親民黨,13125,6.63%,*,是
,王麗珠,10,女,1957,中國國民黨,12717,6.43%, ,否
,簡聖哲,11,男,1982,台灣團結聯盟,6961,3.52%, ,否
,鄭惠齡,12,女,1986,樹黨,4401,2.22%, ,否
,林亭君,13,女,1984,中國國民黨,17103,8.65%,*,否
,楊鎮雄,14,男,1950,無黨籍及未經政黨推薦,629,0.31%, ,否
臺北市第05選區,徐立信,1,男,1975,無黨籍及未經政黨推薦,9057,4.65%, ,否
,黄文章,2,男,1953,華聲黨,207,0.10%, ,否
,康明道,3,男,1971,無黨籍及未經政黨推薦,342,0.17%, ,否
,吳志剛,4,男,1971,中國國民黨,21444,11.01%,*,是
,謝建平,5,男,1965,台灣團結聯盟,4149,2.13%, ,否
,童仲彥,6,男,1973,民主進步黨,19546,10.04%,*,是
,周威佑,7,男,1962,民主進步黨,20663,10.61%,*,是
,劉耀仁,8,男,1968,民主進步黨,17303,8.89%,*,是
,應曉薇,9,女,1964,中國國民黨,21092,10.83%,*,是
,林佳諭,10,女,1987,樹黨,9965,5.12%, ,否
,郭昭巖,11,女,1969,中國國民黨,21782,11.19%,*,是
,鍾小平,12,男,1962,中國國民黨,14987,7.70%,*,是
,顏聖冠,13,女,1968,民主進步黨,23499,12.07%,*,是
,陳蓋武,14,男,1974,親民黨,2887,1.48%, ,否
,張榮法,15,男,1972,新黨,7696,3.95%, ,否
臺北市第06選區,陳彥伯,1,男,1969,新黨,15302,4.96%,*,是
,孫仲康,2,男,1964,無黨籍及未經政黨推薦,772,0.25%, ,否
,厲耿桂芳,3,女,1946,中國國民黨,15712,5.09%,*,是
,王欣儀,4,女,1970,中國國民黨,17595,5.70%,*,是
,陳錦祥,5,男,1959,中國國民黨,17165,5.56%,*,是
,丁增義,6,男,1959,無黨籍及未經政黨推薦,535,0.17%, ,否
,潘翰聲,7,男,1970,樹黨,8623,2.79%, ,否
,歐陽龍,8,男,1960,中國國民黨,27123,8.80%,*,是
,王閔生,9,男,1975,民主進步黨,22993,7.46%,*,否
,青天,10,男,1955,無黨籍及未經政黨推薦,541,0.17%, ,否
,何啟聖,11,男,1964,親民黨,8664,2.81%, ,否
,王致雅,12,女,1971,中國國民黨,14115,4.58%, ,否
,徐弘庭,13,男,1982,中國國民黨,15651,5.07%,*,否
,聶紹雄,14,男,1946,無黨籍及未經政黨推薦,395,0.12%, ,否
,周柏雅,15,男,1959,民主進步黨,17249,5.59%,*,是
,李慶鋒,16,男,1967,民主進步黨,20274,6.57%,*,是
,阮昭雄,17,男,1970,民主進步黨,20727,6.72%,*,是
,李新,18,男,1953,中國國民黨,22773,7.38%,*,是
,謝啟大,19,女,1949,無黨籍及未經政黨推薦,9665,3.13%, ,否
,歐陽瑞蓮,20,女,1976,台灣團結聯盟,5279,1.71%, ,否
,簡舒培,21,女,1977,民主進步黨,22672,7.35%,*,否
,李慶元,22,男,1958,中國國民黨,24348,7.90%,*,是
高雄市第01選區,劉馨正,1,男,1954,中國國民黨,14325,19.75%,*,否
,鍾惠美,2,女,1967,無黨籍及未經政黨推薦,13415,18.49%, ,否
,林富寶,3,男,1955,民主進步黨,16253,22.40%,*,是
,蕭育穎,4,女,1979,民主進步黨,13982,19.27%, ,否
,鍾盛有,5,男,1952,無黨籍及未經政黨推薦,14553,20.06%,*,是
高雄市第02選區,張文瑞,1,男,1950,民主進步黨,20236,24.86%,*,是
,陳明澤,2,男,1963,民主進步黨,22482,27.62%,*,是
,蘇琦莉,3,女,1977,中國國民黨,11701,14.37%, ,是
,李長生,4,男,1956,中國國民黨,26966,33.13%,*,是
高雄市第03選區,曾水文,1,男,1960,台灣團結聯盟,8824,6.58%, ,否
,陸淑美,2,女,1962,中國國民黨,17650,13.16%,*,是
,方信淵,3,男,1965,中國國民黨,17808,13.27%,*,是
,盧文峯,4,男,1959,無黨籍及未經政黨推薦,6699,4.99%, ,否
,陳政聞,5,男,1977,民主進步黨,22685,16.91%,*,是
,蔡金河,6,男,1955,中國國民黨,10318,7.69%, ,否
,高閔琳,7,女,1982,民主進步黨,26600,19.83%,*,否
,翁瑞珠,8,女,1950,民主進步黨,23519,17.53%,*,是
高雄市第04選區,李眉蓁,1,女,1979,中國國民黨,15533,8.82%,*,是
,林瑩蓉,2,女,1965,民主進步黨,27510,15.63%,*,是
,周鍾,3,男,1955,中國國民黨,13975,7.94%,*,是
,柳淑芳,4,女,1960,無黨籍及未經政黨推薦,706,0.40%, ,否
,藍星木,5,男,1948,中國國民黨,13685,7.77%, ,是
,黃石龍,6,男,1954,無黨團結聯盟,14103,8.01%,*,是
,張豐藤,7,男,1961,民主進步黨,15215,8.64%,*,是
,陳麗珍,8,女,1966,中國國民黨,21050,11.96%,*,是
,李柏毅,9,男,1977,民主進步黨,30571,17.37%,*,否
,陳玫娟,10,女,1962,中國國民黨,15980,9.08%,*,是
,何樹勳,11,男,1980,新黨,2493,1.41%, ,否
,黃若桓,12,男,1988,無黨籍及未經政黨推薦,5168,2.93%, ,否
高雄市第05選區,何堅心,1,男,1947,無黨籍及未經政黨推薦,3275,2.99%, ,否
,葉進國,2,男,1954,無黨籍及未經政黨推薦,10050,9.18%, ,否
,許慧玉,3,女,1967,中國國民黨,18436,16.84%,*,是
,林芳如,4,女,1968,民主進步黨,13691,12.50%,*,是
,張勝富,5,男,1972,民主進步黨,13755,12.56%,*,否
,吳利成,6,男,1969,中國國民黨,12494,11.41%, ,是
,王慧玲,7,女,1973,無黨籍及未經政黨推薦,6679,6.10%, ,否
,邱俊憲,8,男,1982,民主進步黨,15192,13.87%,*,否
,沈英章,9,男,1954,民主進步黨,15904,14.52%,*,否
高雄市第06選區,簡煥宗,1,男,1973,民主進步黨,18257,19.14%,*,否
,連立堅,2,男,1963,民主進步黨,14848,15.56%, ,是
,蔡金晏,3,男,1978,中國國民黨,17582,18.43%,*,是
,劉哲宇,4,男,1989,無黨籍及未經政黨推薦,3241,3.39%, ,否
,李喬如,5,女,1957,民主進步黨,17630,18.48%,*,是
,陳美雅,6,女,1970,中國國民黨,15819,16.58%,*,是
,陳冠銘,7,男,1977,台灣團結聯盟,6371,6.67%, ,否
,郭美伶,8,女,1971,無黨籍及未經政黨推薦,1635,1.71%, ,否
高雄市第07選區,鄭新助,1,男,1941,無黨籍及未經政黨推薦,14776,8.36%,*,是
,黃香菽,2,女,1981,中國國民黨,16801,9.51%,*,否
,梁益誌,3,男,1982,綠黨,7798,4.41%, ,否
,黃永富,4,男,1960,親民黨,3739,2.11%, ,否
,童燕珍,5,女,1953,中國國民黨,10643,6.02%, ,是
,林家慶,6,男,1980,無黨籍及未經政黨推薦,512,0.28%, ,否
,黃柏霖,7,男,1967,中國國民黨,21003,11.89%,*,是
,曾俊傑,8,男,1976,中國國民黨,14899,8.43%,*,是
,洪平朗,9,男,1955,民主進步黨,9719,5.50%, ,是
,張美瑛,10,女,1962,無黨籍及未經政黨推薦,544,0.30%, ,否
,林進興,11,男,1953,民主進步黨,8054,4.56%, ,否
,何權峰,12,男,1980,民主進步黨,20901,11.83%,*,否
,林武忠,13,男,1955,民主進步黨,16348,9.25%,*,是
,郭國志,14,男,1948,無黨籍及未經政黨推薦,1685,0.95%, ,否
,康裕成,15,女,1956,民主進步黨,17283,9.78%,*,是
,黃淑美,16,女,1959,台灣團結聯盟,11899,6.73%,*,是
高雄市第08選區,黃紹庭,1,男,1970,中國國民黨,14995,11.17%,*,否
,郭建盟,2,男,1970,民主進步黨,22770,16.97%,*,是
,吳益政,3,男,1963,親民黨,15910,11.86%,*,是
,許崑源,4,男,1957,中國國民黨,20366,15.18%,*,是
,王芳萍,5,女,1966,人民民主陣線,1233,0.91%, ,否
,蕭永達,6,男,1965,民主進步黨,15255,11.37%,*,是
,楊定國,7,男,1962,台灣團結聯盟,13363,9.96%, ,否
,周玲妏,8,女,1967,民主進步黨,21350,15.91%,*,是
,陳若翠,9,女,1969,中國國民黨,8894,6.63%, ,否
高雄市第09選區,楊承翰,1,男,1987,無黨籍及未經政黨推薦,8690,4.92%, ,否
,徐榮延,2,男,1949,無黨團結聯盟,10090,5.71%, ,是
,鄭復華,3,女,1962,親民黨,3659,2.07%, ,否
,羅鼎城,4,男,1976,民主進步黨,16870,9.55%,*,否
,陳慧芬,5,女,1970,台灣團結聯盟,1988,1.12%, ,否
,張漢忠,6,男,1953,民主進步黨,14269,8.08%,*,是
,蘇炎城,7,男,1952,民主進步黨,11577,6.55%, ,是
,李政憲,8,男,1956,無黨籍及未經政黨推薦,311,0.17%, ,否
,楊見福,9,男,1952,無黨籍及未經政黨推薦,13428,7.60%,*,否
,羅章福,10,男,1961,無黨籍及未經政黨推薦,218,0.12%, ,否
,陳慧文,11,女,1974,民主進步黨,20876,11.82%,*,是
,劉德林,12,男,1961,中國國民黨,15886,8.99%,*,是
,郭素桃,13,女,1957,無黨籍及未經政黨推薦,4158,2.35%, ,否
,林景元,14,男,1925,無黨籍及未經政黨推薦,807,0.45%, ,否
,陳粹鑾,15,女,1966,中國國民黨,13607,7.70%,*,是
,張育華,16,女,1964,人民民主陣線,1010,0.57%, ,否
,李雅靜,17,女,1977,中國國民黨,19200,10.87%,*,是
,顏曉菁,18,女,1974,民主進步黨,19874,11.25%,*,是
高雄市第10選區,王聖仁,1,男,1960,民主進步黨,14518,7.97%,*,否
,陳信瑜,2,女,1968,民主進步黨,20414,11.21%,*,是
,鄭光峰,3,男,1966,民主進步黨,16887,9.27%,*,是
,李順進,4,男,1958,無黨團結聯盟,18456,10.14%,*,是
,林宛蓉,5,女,1960,民主進步黨,20195,11.09%,*,是
,蔡武宏,6,男,1978,中國國民黨,11173,6.13%, ,否
,陳麗娜,7,女,1970,中國國民黨,21007,11.54%,*,是
,陳信諭,8,男,1988,無黨籍及未經政黨推薦,10178,5.59%, ,否
,蕭吉男,9,男,1976,台灣團結聯盟,2369,1.30%, ,否
,曾麗燕,10,女,1953,中國國民黨,22162,12.17%,*,是
,吳銘賜,11,男,1965,民主進步黨,24649,13.54%,*,否
高雄市第11選區,李雨庭,1,女,1973,民主進步黨,12222,12.39%,!,否
,洪秀錦,2,女,1961,中國國民黨,7835,7.94%, ,是
,徐瑀岑,3,女,1981,無黨籍及未經政黨推薦,7109,7.20%, ,否
,韓賜村,4,男,1959,民主進步黨,15044,15.25%,-,是
,黃天煌,5,男,1962,中國國民黨,15116,15.32%,*,是
,王耀裕,6,男,1961,中國國民黨,17743,17.98%,*,否
,蔡昌達,7,男,1970,民主進步黨,16763,16.99%,*,是
,張禾宜,8,女,1959,台灣團結聯盟,6811,6.90%, ,否
新北市第01選區,鄭戴麗香,1,女,1954,中國國民黨,18779,17.21%,*,是
,王鐘銘,2,男,1978,綠黨,6880,6.30%, ,否
,鄭宇恩,3,女,1986,民主進步黨,31928,29.26%,*,否
,蔡錦賢,4,男,1949,無黨籍及未經政黨推薦,20167,18.48%,*,是
,蔡葉偉,5,男,1954,中國國民黨,16421,15.05%,*,否
,呂子昌,6,男,1958,民主進步黨,14919,13.67%, ,是
新北市第02選區,蔡健棠,1,男,1963,中國國民黨,20218,6.62%, ,否
,宋明宗,2,男,1967,中國國民黨,24326,7.96%,*,是
,陳明義,3,男,1967,中國國民黨,20466,6.70%, ,是
,何淑峯,4,女,1967,民主進步黨,24987,8.18%,*,是
,賴秋媚,5,女,1963,民主進步黨,21927,7.18%,*,是
,董吉誠,6,男,1960,無黨籍及未經政黨推薦,1521,0.49%, ,否
,鍾宏仁,7,男,1957,民主進步黨,40858,13.38%,*,否
,張晉婷,8,女,1969,台灣團結聯盟,26625,8.72%,*,是
,黃林玲玲,9,女,1942,中國國民黨,25082,8.21%,*,是
,蔣根煌,10,男,1963,中國國民黨,22188,7.26%,*,是
,陳文治,11,男,1967,民主進步黨,20481,6.70%,*,是
,陳科名,12,男,1970,民主進步黨,27269,8.93%,*,是
,蔡淑君,13,女,1970,中國國民黨,29373,9.62%,*,是
新北市第03選區,李倩萍,1,女,1970,民主進步黨,28652,9.83%,*,是
,蕭榮騰,2,男,1968,人民最大黨,614,0.21%, ,否
,鄭金隆,3,男,1955,民主進步黨,20694,7.10%,*,是
,王詠沛,4,女,1964,親民黨,4337,1.48%, ,否
,黃桂蘭,5,女,1957,中國國民黨,19111,6.55%, ,是
,張宸浩,6,男,1980,新黨,2599,0.89%, ,否
,董俊良,7,男,1970,無黨籍及未經政黨推薦,556,0.19%, ,否
,胡淑蓉,8,女,1960,中國國民黨,15708,5.38%, ,是
,蔡明堂,9,男,1958,中國國民黨,25538,8.76%,*,否
,李翁月娥,10,女,1958,無黨籍及未經政黨推薦,20340,6.97%,*,是
,李丹鳳,11,女,1978,人民民主陣線,2603,0.89%, ,否
,鄭世維,12,男,1966,中國國民黨,14520,4.98%, ,否
,陳幸進,13,男,1943,中國國民黨,20819,7.14%,*,是
,蘇卿彥,14,男,1939,無黨籍及未經政黨推薦,312,0.10%, ,否
,李坤城,15,男,1973,民主進步黨,26809,9.19%,*,是
,李余典,16,男,1958,民主進步黨,26794,9.19%,*,是
,邱婷蔚,17,女,1980,民主進步黨,32511,11.15%,*,否
,陳啟能,18,男,1959,民主進步黨,24841,8.52%,*,是
,陳良安,19,男,1970,台灣團結聯盟,4076,1.39%, ,否
新北市第04選區,曾煥嘉,1,男,1976,中國國民黨,21807,7.96%,*,是
,周勝考,2,男,1956,中國國民黨,25921,9.46%,*,是
,廖裕德,3,男,1951,無黨籍及未經政黨推薦,19739,7.20%,*,是
,顏德民,4,男,1976,無黨籍及未經政黨推薦,1745,0.63%, ,否
,王淑慧,5,女,1955,民主進步黨,21866,7.98%,*,是
,黃俊哲,6,男,1978,民主進步黨,21625,7.89%,*,否
,林水山,7,男,1956,民主進步黨,14115,5.15%, ,是
,何博文,8,男,1973,民主進步黨,35304,12.89%,*,否
,林世棟,9,男,1957,親民黨,3385,1.23%, ,否
,林國春,10,男,1968,中國國民黨,28193,10.29%,*,是
,劉美芳,11,女,1978,中國國民黨,18343,6.69%,*,是
,王炳忠,12,男,1987,新黨,4299,1.56%, ,否
,張宏陸,13,男,1972,民主進步黨,21066,7.69%,*,是
,李婉鈺,14,女,1972,無黨籍及未經政黨推薦,15770,5.75%, ,是
,趙燕昭,15,男,1956,中國國民黨,13710,5.00%, ,否
,蕭貫譽,16,男,1956,台灣團結聯盟,6955,2.53%, ,否
新北市第05選區,陳錦錠,1,女,1954,中國國民黨,26290,12.78%,*,是
,江永昌,2,男,1969,民主進步黨,38503,18.72%,*,是
,林朝鑫,3,男,1960,無黨籍及未經政黨推薦,8788,4.27%, ,否
,戴德成,4,男,1962,新黨,13965,6.79%, ,否
,游輝宂,5,男,1983,無黨籍及未經政黨推薦,24703,12.01%,*,否
,林秀惠,6,女,1955,民主進步黨,21678,10.54%,*,是
,張瑞山,7,男,1955,民主進步黨,21768,10.58%,*,是
,金瑞龍,8,男,1969,中國國民黨,21159,10.29%, ,是
,邱烽堯,9,男,1973,中國國民黨,28764,13.98%,*,是
新北市第06選區,羅文崇,1,男,1964,民主進步黨,18015,16.85%,*,否
,陳鴻源,2,男,1967,中國國民黨,19967,18.68%,*,是
,許昭興,3,女,1971,民主進步黨,22411,20.96%,*,是
,蔡明璋,4,男,1965,新黨,3733,3.49%, ,否
,金介壽,5,男,1951,中國國民黨,17861,16.71%, ,是
,連斐璠,6,女,1959,中國國民黨,21700,20.30%,*,是
,莊育麟,7,男,1974,人民民主陣線,3188,2.98%, ,否
新北市第07選區,王明麗,1,女,1952,中國國民黨,15771,5.53%, ,是
,林銘仁,2,男,1960,民主進步黨,21388,7.50%,*,是
,林明正,3,男,1978,新黨,1792,0.62%, ,否
,吳琪銘,4,男,1963,民主進步黨,30103,10.56%,*,是
,林金結,5,男,1968,中國國民黨,18462,6.47%,*,否
,彭成龍,6,男,1956,民主進步黨,17195,6.03%,*,是
,李宜潔,7,女,1970,台灣團結聯盟,3432,1.20%, ,否
,陳世榮,8,男,1957,無黨籍及未經政黨推薦,22016,7.72%,*,是
,朱子孟,9,男,1962,中國國民黨,8770,3.07%, ,否
,羅友志,10,男,1972,無黨籍及未經政黨推薦,3695,1.29%, ,否
,黃永昌,11,男,1962,中國國民黨,18070,6.33%,*,是
,廖本煙,12,男,1956,民主進步黨,19699,6.91%,*,否
,歐金獅,13,男,1952,民主進步黨,14486,5.08%, ,是
,薛永華,14,男,1972,親民黨,7966,2.79%, ,否
,臧家宜,15,女,1974,無黨籍及未經政黨推薦,1329,0.46%, ,否
,楊木萬,16,男,1955,綠黨,7245,2.54%, ,否
,洪佳君,17,女,1977,中國國民黨,21934,7.69%,*,是
,朱彥華,18,男,1968,無黨籍及未經政黨推薦,6303,2.21%, ,否
,林富子,19,女,1969,中國國民黨,10845,3.80%, ,否
,高敏慧,20,女,1966,民主進步黨,15855,5.56%,*,是
,蘇有仁,21,男,1949,無黨籍及未經政黨推薦,18672,6.55%,*,否
新北市第08選區,王美月,1,女,1954,中國國民黨,14112,8.72%, ,否
,劉哲彰,2,男,1972,中國國民黨,26126,16.14%,*,是
,金中玉,3,男,1956,無黨籍及未經政黨推薦,28202,17.43%,*,是
,陳永福,4,男,1958,民主進步黨,32061,19.81%,*,是
,廖筱清,5,女,1956,民主進步黨,22880,14.14%,*,否
,邱九桁,6,男,1965,親民黨,6336,3.91%, ,否
,何孟哲,7,男,1984,新黨,7010,4.33%, ,否
,陳儀君,8,女,1973,中國國民黨,25063,15.49%,*,是
新北市第09選區,謝簡,1,男,1964,中華民主向日葵憲政改革聯盟,389,1.01%, ,否
,高天助,2,男,1963,無黨籍及未經政黨推薦,3975,10.38%, ,否
,林讚枝,3,男,1951,中國國民黨,5442,14.21%, ,否
,林裔綺,4,女,1968,民主進步黨,15984,41.75%,*,否
,吳清風,5,男,1980,無黨籍及未經政黨推薦,1806,4.71%, ,否
,廖秀雄,6,男,1944,無黨籍及未經政黨推薦,10684,27.91%, ,是
新北市第10選區,周雅玲,1,女,1968,民主進步黨,25503,23.55%,*,是
,李玉蘭,2,女,1972,無黨籍及未經政黨推薦,5505,5.08%, ,否
,黃瑞傳,3,男,1950,無黨籍及未經政黨推薦,2007,1.85%, ,否
,廖正良,4,男,1954,中國國民黨,22992,21.23%,*,是
,白珮茹,5,女,1975,中國國民黨,25743,23.77%,*,是
,沈發惠,6,男,1966,民主進步黨,26532,24.50%,*,是
臺中市第01選區,吳鶴鵬,1,男,1956,無黨籍及未經政黨推薦,5370,7.17%, ,否
,吳敏濟,2,男,1956,民主進步黨,22165,29.61%,*,是
,李榮鴻,3,男,1949,中國國民黨,15031,20.08%,*,是
,林素眞,4,女,1959,無黨籍及未經政黨推薦,13763,18.38%, ,否
,楊永昌,5,男,1951,中國國民黨,18519,24.74%,*,是
臺中市第02選區,王立任,1,男,1969,民主進步黨,16562,12.73%,*,否
,顏莉敏,2,女,1984,中國國民黨,20120,15.46%,*,否
,陳廷秀,3,男,1961,無黨籍及未經政黨推薦,12914,9.92%, ,否
,張清照,4,男,1963,中國國民黨,20098,15.44%,*,否
,程凱力,5,男,1961,親民黨,3127,2.40%, ,否
,陳詩哲,6,男,1942,無黨籍及未經政黨推薦,15806,12.14%, ,是
,陳年添,7,男,1952,台灣團結聯盟,2555,1.96%, ,否
,楊典忠,8,男,1960,民主進步黨,22996,17.67%,*,是
,尤碧鈴,9,女,1949,無黨籍及未經政黨推薦,15920,12.23%,*,是
臺中市第03選區,劉淑蘭,1,女,1951,民主進步黨,14696,12.83%, ,否
,吳瓊華,2,女,1969,中國國民黨,18268,15.95%,*,是
,林汝洲,3,男,1963,中國國民黨,18514,16.17%,*,是
,陳世凱,4,男,1977,民主進步黨,20219,17.65%,*,是
,張正興,5,男,1968,無黨籍及未經政黨推薦,9426,8.23%, ,否
,黃錫嘉,6,男,1958,無黨籍及未經政黨推薦,16451,14.36%,*,是
,林士昌,7,男,1955,中國國民黨,16919,14.77%,*,是
臺中市第04選區,陳清龍,1,男,1965,無黨籍及未經政黨推薦,21806,17.99%,*,是
,翁美春,2,女,1963,民主進步黨,20887,17.23%,*,是
,謝志忠,3,男,1969,民主進步黨,21648,17.86%,*,是
,王朝坤,4,男,1956,無黨籍及未經政黨推薦,13486,11.12%, ,否
,張瀞分,5,女,1943,中國國民黨,18255,15.06%,*,否
,吳富亭,6,男,1959,台灣團結聯盟,11476,9.46%, ,否
,陳本添,7,男,1957,中國國民黨,13642,11.25%,*,是
臺中市第05選區,張雅旻,1,女,1977,民主進步黨,19047,13.53%,*,否
,羅永珍,2,女,1952,中國國民黨,17924,12.73%,*,是
,吳顯森,3,男,1959,中國國民黨,16674,11.84%,*,是
,張立傑,4,男,1945,無黨籍及未經政黨推薦,15295,10.86%,*,否
,林竹旺,5,男,1961,無黨籍及未經政黨推薦,6806,4.83%, ,否
,蕭隆澤,6,男,1960,民主進步黨,20828,14.79%,*,是
,賴朝國,7,男,1963,中國國民黨,17881,12.70%,*,是
,許水彬,8,男,1956,民主進步黨,12566,8.92%, ,是
,廖述鎮,9,男,1952,民主進步黨,13736,9.75%, ,是
臺中市第06選區,張廖乃綸,1,女,1978,中國國民黨,13196,12.14%,*,是
,張廖萬堅,2,男,1965,民主進步黨,25804,23.74%,*,是
,黃馨慧,3,女,1956,中國國民黨,17712,16.29%,*,是
,楊正中,4,男,1954,中國國民黨,15562,14.31%,*,是
,李孝儒,5,男,1976,民主進步黨,6812,6.26%, ,否
,吳春夏,6,男,1954,無黨籍及未經政黨推薦,5964,5.48%, ,否
,蔡智豪,7,男,1973,無黨籍及未經政黨推薦,3746,3.44%, ,否
,陳淑華,8,女,1970,民主進步黨,19896,18.30%,*,是
臺中市第07選區,黃淑芬,1,女,1964,無黨籍及未經政黨推薦,6537,8.04%, ,否
,朱暖英,2,女,1965,中國國民黨,11571,14.23%,*,是
,陳三井,3,男,1951,親民黨,4206,5.17%, ,否
,江慶洲,4,男,1972,無黨籍及未經政黨推薦,2392,2.94%, ,否
,劉士州,5,男,1962,中國國民黨,12441,15.30%,*,是
,黃聖硯,6,女,1962,台灣團結聯盟,772,0.94%, ,否
,張耀中,7,男,1961,民主進步黨,18290,22.49%,*,是
,丁振嘉,8,男,1956,中國國民黨,11213,13.79%, ,否
,何文海,9,男,1958,民主進步黨,13870,17.06%,*,是
臺中市第08選區,沈佑蓮,1,女,1959,中國國民黨,29190,21.78%,*,是
,謝明源,2,男,1952,民主進步黨,20416,15.23%,*,否
,邱于珊,3,女,1962,親民黨,8498,6.34%, ,否
,蔡雅玲,4,女,1977,民主進步黨,19442,14.51%,*,是
,張烱春,5,男,1965,台灣團結聯盟,1849,1.38%, ,否
,賴順仁,6,男,1969,中國國民黨,18326,13.67%,*,是
,陳成添,7,男,1963,中國國民黨,16192,12.08%,*,是
,曾朝榮,8,男,1961,民主進步黨,20068,14.97%,*,是
臺中市第09選區,陳天汶,1,男,1944,中國國民黨,14659,19.03%, ,是
,范淞育,2,男,1961,民主進步黨,18450,23.95%,*,否
,陳政顯,3,男,1963,中國國民黨,18082,23.47%,*,否
,林忠勝,4,男,1952,聯合黨,477,0.61%, ,否
,李涵芸,5,女,1991,樹黨,6784,8.80%, ,否
,賴佳微,6,女,1982,民主進步黨,18571,24.11%,*,是
臺中市第10選區,張宏年,1,男,1952,中國國民黨,15990,22.82%,*,是
,張博威,2,男,1966,親民黨,1555,2.21%, ,否
,葉春幸,3,女,1965,無黨籍及未經政黨推薦,4831,6.89%, ,否
,黃國書,4,男,1964,民主進步黨,14729,21.02%,*,是
,洪嘉鴻,5,男,1959,中國國民黨,12106,17.28%, ,是
,江肇國,6,男,1977,民主進步黨,20843,29.75%,*,否
臺中市第11選區,賴建豪,1,男,1981,無黨籍及未經政黨推薦,10033,9.59%, ,否
,鄭功進,2,男,1961,民主進步黨,15035,14.37%,*,否
,李中,3,男,1959,中國國民黨,15533,14.84%,*,是
,邱素貞,4,女,1954,民主進步黨,17163,16.40%,*,是
,何敏誠,5,男,1955,民主進步黨,15701,15.01%,*,是
,林珮涵,6,女,1964,中國國民黨,14274,13.64%, ,是
,顏妏眞,7,女,1974,中國國民黨,11442,10.93%, ,否
,廖興生,8,男,1959,親民黨,3099,2.96%, ,否
,蕭良材,9,男,1969,無黨籍及未經政黨推薦,2321,2.21%, ,否
臺中市第12選區,何明杰,1,男,1975,民主進步黨,14286,15.02%,*,是
,賴義鍠,2,男,1967,無黨籍及未經政黨推薦,18594,19.55%,*,是
,吳品儀,3,女,1979,無黨籍及未經政黨推薦,7193,7.56%, ,否
,張玉嬿,4,女,1981,民主進步黨,18186,19.12%,*,否
,李麗華,5,女,1953,中國國民黨,22584,23.75%,*,是
,陳展群,6,男,1963,中國國民黨,9411,9.89%, ,否
,李昆霖,7,男,1958,無黨籍及未經政黨推薦,4823,5.07%, ,否
臺中市第13選區,林志憲,1,男,1976,無黨籍及未經政黨推薦,4698,3.26%, ,否
,謝賢,2,男,1977,民主進步黨,13030,9.06%, ,否
,段緯宇,3,男,1955,親民黨,15950,11.09%,*,是
,江勝雄,4,男,1939,無黨籍及未經政黨推薦,12957,9.01%, ,是
,劉錦和,5,男,1956,民主進步黨,11804,8.21%, ,是
,張芬郁,6,女,1958,民主進步黨,16343,11.36%,*,否
,李天生,7,男,1961,民主進步黨,17546,12.20%,*,是
,張滄沂,8,男,1959,無黨籍及未經政黨推薦,16061,11.17%,*,是
,蔡黃金雀,9,女,1952,無黨籍及未經政黨推薦,4690,3.26%, ,否
,林碧秀,10,女,1955,中國國民黨,13417,9.33%,*,否
,蘇柏興,11,男,1973,中國國民黨,15009,10.44%,*,否
,林明正,12,男,1952,台灣團結聯盟,2241,1.55%, ,否
臺中市第14選區,蔡成圭,1,男,1960,民主進步黨,23090,40.11%,*,是
,蘇慶雲,2,男,1952,中國國民黨,18258,31.72%,*,是
,冉齡軒,3,女,1966,中國國民黨,16206,28.15%, ,否
臺南市第01選區,劉米山,1,男,1965,民主進步黨,12651,29.65%, ,否
,張世賢,2,男,1953,中國國民黨,16056,37.63%,*,是
,賴美惠,3,女,1958,民主進步黨,13950,32.70%,*,是
臺南市第02選區,趙昆原,1,男,1956,無黨籍及未經政黨推薦,12670,19.00%,*,是
,顏進仕,2,男,1959,無黨籍及未經政黨推薦,6193,9.29%, ,否
,陳佳琪,3,女,1958,無黨籍及未經政黨推薦,11172,16.75%, ,否
,賴惠員,4,女,1961,民主進步黨,12647,18.97%,*,是
,蔡育輝,5,男,1959,中國國民黨,12043,18.06%,*,是
,李退之,6,男,1971,民主進步黨,11937,17.90%,*,是
臺南市第03選區,侯澄財,1,男,1944,民主進步黨,11606,34.45%,*,是
,陳進財,2,男,1950,中國國民黨,9794,29.07%, ,否
,謝財旺,3,男,1962,無黨籍及未經政黨推薦,12286,36.47%,*,是
臺南市第04選區,楊麗玉,1,女,1958,民主進步黨,10821,16.64%, ,是
,吳通龍,2,男,1956,民主進步黨,14063,21.62%,*,是
,陳文賢,3,男,1944,民主進步黨,11854,18.22%,*,是
,郭秀珠,4,女,1959,無黨籍及未經政黨推薦,16711,25.69%,*,是
,尤榮智,5,男,1952,中國國民黨,11579,17.80%, ,否
臺南市第05選區,余榮和,1,男,1957,無黨籍及未經政黨推薦,7422,12.13%, ,否
,蔡蘇秋金,2,女,1961,民主進步黨,14932,24.41%,*,是
,陳朝來,3,男,1953,民主進步黨,12598,20.59%,*,是
,方一峰,4,男,1964,中國國民黨,10991,17.96%, ,否
,蔡秋蘭,5,女,1958,民主進步黨,15228,24.89%,*,是
臺南市第06選區,林志展,1,男,1965,無黨籍及未經政黨推薦,15446,37.37%,*,否
,李文俊,2,男,1959,中國國民黨,12937,31.30%, ,是
,梁順發,3,男,1955,民主進步黨,12949,31.32%,*,是
臺南市第07選區,林全忠,1,男,1954,中國國民黨,11868,34.63%,*,是
,姚溪海,2,男,1945,無黨籍及未經政黨推薦,9420,27.49%, ,否
,林志聰,3,男,1974,民主進步黨,12975,37.86%,*,是
臺南市第08選區,李全教,1,男,1960,中國國民黨,11726,53.06%,*,否
,王峻潭,2,男,1954,民主進步黨,10370,46.93%, ,是
臺南市第09選區,施重男,1,男,1943,無黨籍及未經政黨推薦,10254,8.04%, ,是
,陳秋萍,2,女,1964,民主進步黨,13100,10.27%,*,是
,李崇智,3,男,1964,無黨籍及未經政黨推薦,1416,1.11%, ,否
,郭國文,4,男,1967,民主進步黨,14203,11.14%,*,是
,林慶鎭,5,男,1958,無黨籍及未經政黨推薦,11671,9.15%,*,是
,王敏星,6,男,1965,中國國民黨,9944,7.80%, ,否
,楊中成,7,男,1958,台灣團結聯盟,12972,10.17%,*,否
,李坤煌,8,男,1952,中國國民黨,11869,9.31%,*,是
,林燕祝,9,女,1965,中國國民黨,13791,10.82%,*,是
,林宜瑾,10,女,1969,民主進步黨,16659,13.07%,*,是
,林阳乙,11,男,1961,無黨籍及未經政黨推薦,11569,9.07%,*,否
臺南市第10選區,劉益昌,1,男,1956,台灣團結聯盟,3830,3.90%, ,否
,王錦德,2,男,1957,民主進步黨,14817,15.09%,*,是
,黃麗招,3,女,1957,中國國民黨,9868,10.05%, ,是
,林炳利,4,男,1962,無黨籍及未經政黨推薦,13481,13.73%,*,是
,唐儀靜,5,女,1976,民主進步黨,8154,8.30%, ,否
,陳進義,6,男,1955,無黨籍及未經政黨推薦,4966,5.06%, ,否
,郭信良,7,男,1963,民主進步黨,18827,19.18%,*,是
,郭清華,8,男,1962,民主進步黨,13302,13.55%,*,是
,李中岑,9,女,1985,中國國民黨,10890,11.09%,*,否
臺南市第11選區,陳怡珍,1,女,1981,民主進步黨,22012,34.55%,*,是
,陳麗真,2,女,1964,中國國民黨,718,1.12%, ,否
,唐碧娥,3,女,1960,民主進步黨,10436,16.38%,*,是
,許至椿,4,男,1960,中國國民黨,10724,16.83%,*,是
,李宗富,5,男,1967,無黨籍及未經政黨推薦,8458,13.27%, ,否
,謝龍介,6,男,1961,中國國民黨,11354,17.82%,*,否
臺南市第12選區,洪玉鳳,1,女,1949,中國國民黨,12820,35.39%,*,是
,邱莉莉,2,女,1962,民主進步黨,23403,64.60%,*,是
臺南市第13選區,盧崑福,1,男,1965,中國國民黨,8561,34.69%,*,是
,李文正,2,男,1959,民主進步黨,16116,65.30%,*,是
臺南市第14選區,陳昌輝,1,男,1972,台灣團結聯盟,6200,7.16%, ,否
,陸美祈,2,女,1971,民主進步黨,10323,11.92%,*,是
,陳金鐘,3,男,1960,民主進步黨,11885,13.72%,*,否
,曾培雅,4,女,1959,中國國民黨,14586,16.84%,*,是
,潘靜竹,5,女,1955,樹黨,2172,2.50%, ,否
,王家貞,6,女,1957,中國國民黨,9691,11.19%,*,否
,蔡旺詮,7,男,1968,民主進步黨,11602,13.39%,*,是
,曾順良,8,男,1956,無黨籍及未經政黨推薦,11404,13.17%,*,是
,陳文科,9,男,1959,中國國民黨,8721,10.07%, ,是
臺南市第15選區,蔡淑惠,1,女,1967,中國國民黨,15012,22.56%,*,是
,周明德,2,男,1954,民主進步黨,8837,13.28%, ,否
,林美燕,3,女,1959,中國國民黨,13165,19.78%,*,是
,陳進益,4,男,1954,無黨籍及未經政黨推薦,4112,6.18%, ,是
,莊玉珠,5,女,1960,民主進步黨,9815,14.75%,*,是
,呂維胤,6,男,1981,民主進步黨,15588,23.43%,*,否
臺南市第16選區,劉正昌,1,男,1955,民主進步黨,15689,15.41%,*,否
,杜素吟,2,女,1956,無黨籍及未經政黨推薦,14462,14.20%,*,是
,張伯祿,3,男,1958,無黨籍及未經政黨推薦,14787,14.52%,*,是
,吳禹寰,4,男,1980,無黨籍及未經政黨推薦,14252,14.00%, ,否
,曾王雅雲,5,女,1962,民主進步黨,14954,14.69%,*,是
,徐萬仲,6,男,1951,中國國民黨,12104,11.89%, ,否
,陳特清,7,男,1957,無黨籍及未經政黨推薦,15529,15.25%,*,是
桃園市第01選區,萬美玲,1,女,1969,中國國民黨,16724,9.29%,*,否
,范綱祥,2,男,1966,民主進步黨,11943,6.63%,*,否
,林國政,3,男,1966,親民黨,6305,3.50%, ,否
,陳宗義,4,男,1959,民主進步黨,6697,3.72%, ,否
,黃婉如,5,女,1954,中國國民黨,11162,6.20%,*,否
,王信涵,6,男,1977,無黨籍及未經政黨推薦,235,0.13%, ,否
,簡梓倡,7,男,1966,無黨籍及未經政黨推薦,2413,1.34%, ,否
,張勝豐,8,男,1965,新黨,2095,1.16%, ,否
,黃莅程,9,男,1978,無黨籍及未經政黨推薦,67,0.03%, ,否
,黃景熙,10,男,1959,民主進步黨,12916,7.17%,*,否
,黃智銘,11,男,1953,民主進步黨,8269,4.59%, ,否
,李曉鐘,12,男,1959,中國國民黨,12563,6.98%,*,否
,蘇家明,13,男,1954,中國國民黨,12003,6.67%,*,否
,賀光卍,14,男,1975,人民民主陣線,290,0.16%, ,否
,陳美梅,15,女,1974,中國國民黨,10092,5.60%,*,否
,洪文璋,16,男,1966,無黨籍及未經政黨推薦,7165,3.98%, ,否
,楊添丁,17,男,1956,無黨籍及未經政黨推薦,863,0.47%, ,否
,詹江村,18,男,1963,中國國民黨,9661,5.36%,*,否
,林政賢,19,男,1959,中國國民黨,9118,5.06%,*,否
,李光達,20,男,1966,台灣團結聯盟,9371,5.20%,*,否
,廖輝星,21,男,1954,民主進步黨,7136,3.96%, ,否
,黃哲鍾,22,男,1949,無黨團結聯盟,8183,4.54%, ,否
,羅岳峰,23,男,1986,綠黨,5835,3.24%, ,否
,史碩仁,24,男,1961,無黨籍及未經政黨推薦,110,0.06%, ,否
,邱素芬,25,女,1966,民主進步黨,8705,4.83%,*,否
桃園市第02選區,陳志謀,1,男,1958,民主進步黨,16137,26.35%,*,否
,林正峰,2,男,1949,中國國民黨,11215,18.31%,*,否
,李麗珠,3,女,1958,中國國民黨,6175,10.08%, ,否
,許森能,4,男,1963,無黨籍及未經政黨推薦,4990,8.14%, ,否
,王家一,5,男,1975,無黨籍及未經政黨推薦,3263,5.32%, ,否
,林俐玲,6,女,1963,民主進步黨,11075,18.08%,*,否
,李雲強,7,男,1959,中國國民黨,8373,13.67%,*,否
桃園市第03選區,張文瑜,1,女,1965,無黨籍及未經政黨推薦,7005,8.19%, ,否
,何正森,2,男,1953,中國國民黨,6527,7.63%, ,否
,呂淑真,3,女,1955,中國國民黨,7117,8.33%,*,否
,呂林小鳳,4,女,1964,民主進步黨,11518,13.48%,*,否
,鍾孝彥,5,男,1968,無黨籍及未經政黨推薦,962,1.12%, ,否
,劉茂羣,6,女,1956,中國國民黨,8068,9.44%,*,否
,王國棟,7,男,1959,中國國民黨,3760,4.40%, ,否
,賴維哲,8,男,1958,無黨籍及未經政黨推薦,768,0.89%, ,否
,趙正宇,9,男,1966,無黨籍及未經政黨推薦,12478,14.60%,*,否
,蔡永芳,10,男,1971,民主進步黨,12221,14.30%,*,否
,鄭銀福,11,男,1957,無黨籍及未經政黨推薦,3223,3.77%, ,否
,彭少康,12,男,1973,新黨,766,0.89%, ,否
,林玉娟,13,女,1969,無黨籍及未經政黨推薦,4091,4.78%, ,否
,陳松福,14,男,1959,無黨籍及未經政黨推薦,6929,8.11%, ,否
桃園市第04選區,李訓求,1,男,1955,中國國民黨,7819,12.18%, ,否
,張桂綿,2,女,1975,中國國民黨,8954,13.95%, ,否
,郭麗華,3,女,1965,民主進步黨,11640,18.14%,*,否
,吳寶玉,4,女,1960,無黨籍及未經政黨推薦,646,1.00%, ,否
,袁慧心,5,女,1965,新黨,3189,4.96%, ,否
,劉勝全,6,男,1969,無黨籍及未經政黨推薦,9771,15.22%,*,否
,陳麗莉,7,女,1957,中國國民黨,9454,14.73%,*,否
,許清順,8,男,1965,民主進步黨,12692,19.78%,*,否
桃園市第05選區,徐其萬,1,男,1958,中國國民黨,15045,36.64%,*,否
,游吾和,2,男,1963,民主進步黨,16783,40.88%,*,否
,王淳長,3,男,1957,無黨籍及未經政黨推薦,9225,22.47%, ,否
桃園市第06選區,曾慶章,1,男,1949,民主進步黨,3026,6.80%, ,否
,李柏坊,2,男,1958,中國國民黨,9726,21.88%,*,否
,黃智信,3,男,1967,民主進步黨,3025,6.80%, ,否
,張振源,4,男,1957,無黨籍及未經政黨推薦,742,1.66%, ,否
,楊朝偉,5,男,1967,中國國民黨,7264,16.34%,*,否
,邱伶樺,6,女,1982,無黨籍及未經政黨推薦,1935,4.35%, ,否
,邱創良,7,男,1955,無黨籍及未經政黨推薦,179,0.40%, ,否
,邱秀芬,8,女,1966,民主進步黨,3133,7.04%, ,否
,李洋宇,9,男,1984,無黨籍及未經政黨推薦,2338,5.26%, ,否
,陳治文,10,女,1970,民主進步黨,13080,29.42%,*,否
桃園市第07選區,邱奕勝,1,男,1960,中國國民黨,14345,7.98%,*,否
,賴立竹,2,男,1979,親民黨,5970,3.32%, ,否
,謝偉孝,3,男,1977,無黨籍及未經政黨推薦,899,0.50%, ,否
,黃傅淑香,4,女,1958,民主進步黨,11794,6.56%,*,否
,劉安祺,5,男,1971,無黨籍及未經政黨推薦,5441,3.03%, ,否
,吳正群,6,男,1960,新黨,1157,0.64%, ,否
,彭俊豪,7,男,1982,民主進步黨,12967,7.22%,*,否
,張運炳,8,男,1955,無黨籍及未經政黨推薦,8585,4.78%,*,否
,劉曾玉春,9,女,1954,無黨籍及未經政黨推薦,10366,5.77%,*,否
,沐平波,10,女,1952,中國國民黨,7276,4.05%, ,否
,葉明月,11,女,1960,中國國民黨,8567,4.77%,*,否
,徐景文,12,男,1962,民主進步黨,8352,4.65%, ,否
,梁新武,13,男,1955,無黨籍及未經政黨推薦,3551,1.97%, ,否
,葉鄭秀蘋,14,女,1958,無黨籍及未經政黨推薦,4441,2.47%, ,否
,蔣中千,15,男,1956,無黨團結聯盟,4271,2.37%, ,否
,王浩宇,16,男,1988,綠黨,16269,9.06%,*,否
,黃治東,17,男,1960,台灣團結聯盟,1969,1.09%, ,否
,魯明哲,18,男,1963,中國國民黨,26379,14.69%,*,否
,彭秀涵,19,女,1963,無黨籍及未經政黨推薦,494,0.27%, ,否
,袁明星,20,男,1962,民主進步黨,9617,5.35%,*,否
,劉威德,21,男,1959,無黨籍及未經政黨推薦,6702,3.73%, ,否
,梁為超,22,男,1974,中國國民黨,10138,5.64%,*,否
桃園市第08選區,羅文欽,1,男,1970,無黨籍及未經政黨推薦,2057,2.07%, ,否
,劉仁照,2,男,1981,民主進步黨,8826,8.91%,*,否
,謝彰文,3,女,1958,中國國民黨,9995,10.09%,*,否
,黃敬平,4,男,1973,中國國民黨,9982,10.07%,*,否
,舒翠玲,5,女,1964,中國國民黨,8712,8.79%,*,否
,陳萬得,6,男,1953,中國國民黨,7459,7.53%, ,否
,劉邦鉉,7,男,1968,無黨籍及未經政黨推薦,5211,5.26%, ,否
,楊家俍,8,男,1980,民主進步黨,8736,8.82%,*,否
,陳志偉,9,男,1962,民主進步黨,3832,3.86%, ,否
,莊訓基,10,男,1950,親民黨,2645,2.67%, ,否
,莊玉光,11,男,1950,無黨籍及未經政黨推薦,4752,4.79%, ,否
,黃國華,12,男,1969,臺灣建國黨,81,0.08%, ,否
,黃李月琴,13,女,1960,無黨籍及未經政黨推薦,3402,3.43%, ,否
,王珮毓,14,女,1982,無黨籍及未經政黨推薦,7234,7.30%, ,否
,湯琳翔,15,男,1986,綠黨,3809,3.84%, ,否
,張若彤,16,男,1977,無黨籍及未經政黨推薦,269,0.27%, ,否
,陳章程,17,男,1975,無黨籍及未經政黨推薦,143,0.14%, ,否
,莊玉輝,18,男,1959,無黨籍及未經政黨推薦,7766,7.84%,*,否
,林德忠,19,男,1961,無黨籍及未經政黨推薦,4127,4.16%, ,否
桃園市第09選區,姜水浪,1,男,1957,台灣主義黨,597,0.83%, ,否
,周玉琴,2,女,1958,中國國民黨,14468,20.21%,*,否
,林羅春,3,男,1953,無黨籍及未經政黨推薦,3272,4.57%, ,否
,李家興,4,男,1957,中國國民黨,13875,19.38%,*,否
,陳賴素美,5,女,1964,民主進步黨,15882,22.19%,*,否
,陳秀玲,6,女,1961,無黨籍及未經政黨推薦,5916,8.26%, ,否
,張火爐,7,男,1958,民主進步黨,14664,20.49%,*,否
,彭基原,8,男,1962,無黨籍及未經政黨推薦,2892,4.04%, ,否
桃園市第10選區,黃榮煥,1,男,1956,無黨籍及未經政黨推薦,3630,6.76%, ,否
,劉熒隆,2,男,1973,無黨籍及未經政黨推薦,8229,15.32%, ,否
,林鴻斌,3,男,1964,無黨籍及未經政黨推薦,4451,8.28%, ,否
,張肇良,4,男,1964,民主進步黨,13411,24.97%,*,否
,廖威森,5,男,1971,無黨籍及未經政黨推薦,590,1.09%, ,否
,游良福,6,男,1962,無黨籍及未經政黨推薦,488,0.90%, ,否
,徐玉樹,7,男,1964,中國國民黨,9218,17.16%,*,否
,羅銀珍,8,女,1956,無黨籍及未經政黨推薦,5000,9.31%, ,否
,閻中傑,9,男,1956,中國國民黨,8680,16.16%,*,否
桃園市第11選區,邱佳亮,1,男,1968,無黨籍及未經政黨推薦,13664,50.52%,*,否
,陳睿生,2,男,1981,民主進步黨,13380,49.47%, ,否
桃園市第12選區,吳宗憲,1,男,1959,中國國民黨,9161,27.74%, ,否
,郭榮宗,2,男,1954,民主進步黨,11424,34.59%,*,否
,廖薛文,3,男,1953,無黨籍及未經政黨推薦,1087,3.29%, ,否
,歐炳辰,4,男,1957,無黨籍及未經政黨推薦,11347,34.36%,*,否